"Datum";"growth";"growth_lwr";"growth_upr"
2020-03-10;0,325378709348602;0,227323545442031;0,431267842712087
2020-03-11;0,356533831089061;0,253939110620252;0,467522640695792
2020-03-12;0,391024956033678;0,299596839140916;0,488885145017415
2020-03-13;0,355391777423689;0,286401081877294;0,428082497899345
2020-03-14;0,360635601187705;0,291419109216693;0,433561905663876
2020-03-15;0,345156770113242;0,274399367845664;0,419842776005381
2020-03-16;0,317763056089932;0,246840096494142;0,392720266919677
2020-03-17;0,325919732017335;0,256621854700165;0,399039121575999
2020-03-18;0,29304341055682;0,230230121617751;0,359063830583002
2020-03-19;0,300098508869295;0,23985893432267;0,363264873102314
2020-03-20;0,280923997436024;0,21886241240643;0,346145611273776
2020-03-21;0,254484365993281;0,191219599397406;0,321109076208667
2020-03-22;0,203127830113795;0,166803451627327;0,240583042135755
2020-03-23;0,176121526249362;0,149547436983671;0,203309928763538
2020-03-24;0,165737207150553;0,137319165706464;0,194865326384474
2020-03-25;0,140952986741504;0,119736975562445;0,162570984405045
2020-03-26;0,142641463895586;0,12129193153518;0,164397493903206
2020-03-27;0,128919342948601;0,100713842476364;0,157847601894648
2020-03-28;0,0947968285545262;0,0572345214546857;0,13369368053162
2020-03-29;0,0567504369260454;0,0179601282098794;0,0970188861003662
2020-03-30;0,0417224804662848;0,00492741114679873;0,0798647885128754
2020-03-31;0,0189404023876509;-0,0167379151916311;0,0559133314087403
2020-04-01;0,00030722035730113;-0,0337535839546576;0,0355686898113108
2020-04-02;-0,021857620576701;-0,0554682763971714;0,0129490524409186
2020-04-03;-0,0432871246516435;-0,0737496146209863;-0,01182278538779
2020-04-04;-0,0715096557893024;-0,103814184085915;-0,0380406563194846
2020-04-05;-0,0987709980302063;-0,13236836553736;-0,0638726370385196
2020-04-06;-0,104465266259804;-0,135164603805012;-0,0726761845507239
2020-04-07;-0,105908068072999;-0,135874410557454;-0,0749025459914267
2020-04-08;-0,0914039865616597;-0,122789082089932;-0,0588959863804608
2020-04-09;-0,0821949674843497;-0,115124255125742;-0,0480402671329233
2020-04-10;-0,0695720973467776;-0,108363337526341;-0,0290932187176084
2020-04-11;-0,0755373315149278;-0,114087044092722;-0,0353101625573373
2020-04-12;-0,0835542221937867;-0,126111116536;-0,0389248798661093
2020-04-13;-0,0988103442880157;-0,146779719956358;-0,0481440554592261
2020-04-14;-0,0895323597212705;-0,137925896962735;-0,0384221947113923
2020-04-15;-0,0858268047394466;-0,134358031802251;-0,0345747299280922

2020-04-16;-0,0835279464376628;-0,132021587956033;-0,0323249826192434
2020-04-17;-0,0931935641721497;-0,139645830261591;-0,0442332460493232
2020-04-18;-0,122623893524214;-0,161927581856662;-0,0814769516935104
2020-04-19;-0,137908006871991;-0,177148006163702;-0,0967967384383844
2020-04-20;-0,135121683058482;-0,175345298312006;-0,0929361081862815
2020-04-21;-0,124319661499256;-0,167859176059662;-0,0785020597766573
2020-04-22;-0,107359765173322;-0,154539149541296;-0,0575476222238784
2020-04-23;-0,080356171607013;-0,119960172622032;-0,0389698911455388
2020-04-24;-0,0555866190438652;-0,0959302738872793;-0,0134426489823729
2020-04-25;-0,0537825214314926;-0,0943665651215241;-0,0113797898057012
2020-04-26;-0,0766236708416044;-0,116584972136862;-0,0348547190640212
2020-04-27;-0,05372776656774;-0,096693043533259;-0,00871887086164969
2020-04-28;-0,0422962870403853;-0,0832367478742412;0,000472477152491324
2020-04-29;-0,0245736796218691;-0,0640164908978345;0,0165312713672667
2020-04-30;-0,0111378254925054;-0,0466919458025381;0,0257423042490583
2020-05-01;-0,0262232703578782;-0,0642718039190973;0,0133723907904144
2020-05-02;-0,0562278445828478;-0,0923493810297297;-0,0186687887116265
2020-05-03;-0,0977983074549581;-0,152369076105777;-0,0397142540628744
2020-05-04;-0,0980702386555166;-0,15255816324719;-0,0400789067531022
2020-05-05;-0,0747910930610095;-0,140487996001806;-0,00407263947759762
2020-05-06;-0,0621178623363261;-0,132191912153875;0,013614549654384
2020-05-07;-0,0454988362627531;-0,116363652603132;0,0310491122957033
2020-05-08;-0,0229070527831047;-0,0976258696580361;0,0579986675141064
2020-05-09;-0,035697125634865;-0,108097317227689;0,0425801508058086
2020-05-10;-0,0472534456813531;-0,123492769735262;0,0356172378542579
2020-05-11;-0,0128632392698359;-0,10037474016476;0,0831609870128625
2020-05-12;0,00901844975685973;-0,07686304198588;0,10288968837294
2020-05-13;0,0409993994945588;-0,0434503231491054;0,132904830740907
2020-05-14;0,0593745861400246;-0,0246545620471135;0,150643115853236
2020-05-15;0,0771994644567164;-0,00918899489141278;0,171120102868325
2020-05-16;-0,00385852936406239;-0,0879238498339491;0,0879550236458575
2020-05-17;-0,0267154366254472;-0,108389036813298;0,0624396518381909
2020-05-18;0,000822490474719384;-0,0855062415051183;0,0953007039529465
2020-05-19;0,0216966071331388;-0,067181936736425;0,119043464247771
2020-05-20;0,00905550171874725;-0,080330769092969;0,107129575863566
2020-05-21;0,0113463156443248;-0,0777758392113675;0,109081082079538
2020-05-22;-0,0043982266098338;-0,0927133509040712;0,0925134764909785
2020-05-23;-0,054975873004344;-0,121479874188371;0,0165624831631828
2020-05-24;-0,0420781947730929;-0,108792409044625;0,0296301268546129
2020-05-25;-0,0536358633053178;-0,118299695835301;0,0157704097316214
2020-05-26;-0,0546852623088554;-0,119341117972721;0,014717470672597
2020-05-27;-0,0245169984983349;-0,0973231503989861;0,0541613941238144
2020-05-28;-0,0110611917915336;-0,0782278478215789;0,0609996885558732
2020-05-29;-0,0257297270317131;-0,0829213657003182;0,035028545305223
2020-05-30;-0,0338891498778385;-0,0879600093130919;0,023387334168091
2020-05-31;-0,0710565629989871;-0,150575583194324;0,0159066446340093
2020-06-01;-0,0538613399359781;-0,133063073287424;0,0325761153839159
2020-06-02;-0,0605658187971461;-0,138879684320807;0,0248702356025496
2020-06-03;-0,0256815667524791;-0,119604722816898;0,0782615876850876
2020-06-04;-0,0313209468925557;-0,124968536110071;0,0723489916097118
2020-06-05;0,00324806902587493;-0,105710850150049;0,125482388076636
2020-06-06;0,0172494786715991;-0,0927390795405015;0,140572109436334
2020-06-07;0,0157191531049272;-0,0941897198583747;0,138964108270977
2020-06-08;0,00785965628911445;-0,101333431256243;0,130320323582493
2020-06-09;0,0157877692308059;-0,0913752407133158;0,135589561667823
2020-06-10;0,0200765523911013;-0,0879479036397223;0,140895544114923
2020-06-11;0,0377462219254638;-0,0671114428627774;0,154389999621536
2020-06-12;0,0665802664169812;-0,0367855584971899;0,1810386303337
2020-06-13;0,00253444291738436;-0,0722000643289077;0,0832888326389929
2020-06-14;-0,0225469815120886;-0,0946282247751936;0,0552730154569898
2020-06-15;-0,0186755383625394;-0,0933348522181995;0,0621315944084446
2020-06-16;-0,00991693484763645;-0,0823278290464836;0,0682076965273402
2020-06-17;-0,0221618013231711;-0,089457438662315;0,0501074671202986
2020-06-18;0,0157621484200925;-0,0408830333142728;0,0757527788590167
2020-06-19;0,0451003748971102;-0,0152774857865812;0,109180279565904
2020-06-20;0,0465147059177704;-0,0136896621405422;0,110393947688922
2020-06-21;0,0414833232364766;-0,0194246547643954;0,106174571744995
2020-06-22;0,0190882818521139;-0,0363816009319787;0,0777512417910813
2020-06-23;0,0360784357383555;-0,0191416706407022;0,0944073092627213
2020-06-24;0,0275297845917233;-0,0269477366292432;0,0850572964761924
2020-06-25;0,0448368675124198;-0,00750375673949943;0,0999377449800898
2020-06-26;0,058396869213146;0,000812821893278581;0,119294145973324
2020-06-27;0,0396343187238046;-0,0136903018247785;0,0958419233512338
2020-06-28;0,0709820283809286;0,0275401890507816;0,116260480453327
2020-06-29;0,0508426105361686;0,0111305458478346;0,0921143631285883
2020-06-30;0,0704478306573335;0,0235689388435254;0,119473749812723
2020-07-01;0,0825011027445366;0,0339657904608266;0,133314707559983
2020-07-02;0,102411984783647;0,0646118468491781;0,141554255470154
2020-07-03;0,118167627797653;0,078766170606509;0,15900820578354
2020-07-04;0,112377648231733;0,072543275378478;0,153691473986366
2020-07-05;0,0895701557027666;0,0439984591825493;0,13713110757625
2020-07-06;0,0720141017972595;0,0205943874957637;0,12602445058709
2020-07-07;0,0528900798769671;0,00438817570407823;0,103734140962194
2020-07-08;0,0468651047594049;8,53297130674058e-05;0,0958330404440089
2020-07-09;0,0399077113256705;-0,00925424460028934;0,0915091406455801
2020-07-10;0,0253928561025629;-0,0188470616550476;0,0716275396573403
2020-07-11;0,0150682579101535;-0,0279062458153313;0,059942586588223
2020-07-12;-0,0249820248465867;-0,0623344790211821;0,0138583861757859
2020-07-13;-0,0170233123614508;-0,0562832892986126;0,0238699362679764
2020-07-14;-0,00454324918320648;-0,0478855976743184;0,0407721386486992
2020-07-15;0,0035666974780133;-0,0430734632988884;0,0524800783129502
2020-07-16;0,030878426238637;-0,0135716981273616;0,0773315482400458
2020-07-17;0,0452645504053089;0,00375921223052189;0,0884861299615081
2020-07-18;0,0305815306199884;-0,014975302829736;0,0782453417728386
2020-07-19;0,0143679875816798;-0,0311205852041891;0,0619922340360117
2020-07-20;0,00738108084479694;-0,0386421774763445;0,0556076190029235
2020-07-21;0,0267546017612044;-0,0196101720637784;0,075312066891815
2020-07-22;0,031624401911186;-0,0163828840272513;0,0819747738591585
2020-07-23;0,03496851604437;-0,0124895823011225;0,0847073711881743
2020-07-24;0,0415065285720573;-0,00639486223526198;0,0917172303461427
2020-07-25;0,0123792744049669;-0,0248534347784906;0,0510335900244017
2020-07-26;0,000688767929216683;-0,036659250952132;0,0394847422881472
2020-07-27;-0,00496394892504726;-0,0430323529583347;0,0346188254112716
2020-07-28;0,00995579333689678;-0,0300154007353598;0,0515741232057145
2020-07-29;0,0127055896299129;-0,0263326039642721;0,0533089794762285
2020-07-30;0,0336114208677851;-0,00821843519880794;0,0772055130531479
2020-07-31;0,0203064456211197;-0,0203132770551744;0,06261034123929
2020-08-01;-0,0145627065678658;-0,0629198445217966;0,0362898558995655
2020-08-02;-0,0426443100594804;-0,0866668561927391;0,00350011742801914
2020-08-03;-0,0420227124806151;-0,0861482927295947;0,00423348350921038
2020-08-04;-0,0386236211244075;-0,0825641390394535;0,00742142441682159
2020-08-05;-0,0225344856418075;-0,074532016807056;0,032384533134447
2020-08-06;-0,00709067837825617;-0,0593871910941002;0,0481134337412359
2020-08-07;-0,0108410884010677;-0,0631406543700671;0,0443780669527252
2020-08-08;-0,0130320446478087;-0,064975527005612;0,0417970577524462
2020-08-09;-0,029586122115322;-0,0808644072796986;0,0245529624242773
2020-08-10;-0,000992165592441752;-0,0576374118410382;0,0590580162540679
2020-08-11;0,0176303212451339;-0,044875331555672;0,0842264941226734
2020-08-12;0,0593136603745754;0,00535303697967748;0,116170528939144
2020-08-13;0,0938212820087596;0,0434695241239083;0,146602722278656
2020-08-14;0,10805031202149;0,0525601404445413;0,166465883319863
2020-08-15;0,0882540391771467;0,0290306475899762;0,150885891065574
2020-08-16;0,0790040134474057;0,0178706102671817;0,143809094487957
2020-08-17;0,0753265639263931;0,0147646218943298;0,139502889770782
2020-08-18;0,0909815543849235;0,0349585096595326;0,150037166610373
2020-08-19;0,104398272833566;0,0487894509035169;0,162955580824171
2020-08-20;0,0979425900642013;0,0428132000091568;0,15598645190366
2020-08-21;0,0859816589705349;0,0308562325820321;0,144054938355864
2020-08-22;0,0427414173314633;0,000295872776957751;0,0869880532445957
2020-08-23;0,0199364126639807;-0,02513425626451;0,0670908200053917
2020-08-24;0,010233419931873;-0,0339507995261251;0,0564384942781677
2020-08-25;0,00822997157754934;-0,035380292050934;0,0538118464825528
2020-08-26;0,0159600234065405;-0,0284570456651498;0,0624077551639273
2020-08-27;0,0237474179771273;-0,0169005562428934;0,0660760541268068
2020-08-28;0,0215662138240282;-0,0178900841136472;0,0626076698196401
2020-08-29;1,52007417060229e-05;-0,0349064401709679;0,0362004714772233
2020-08-30;-0,00886082830236645;-0,0441803755188581;0,0277638505348063
2020-08-31;-0,0185099374130605;-0,0528876936441901;0,0171156435116731
2020-09-01;-0,00635195435753455;-0,0406744502852485;0,0291985227566061
2020-09-02;0,0186520796553697;-0,0205957138848386;0,0594726550586071
2020-09-03;0,033661971984642;-0,00444073699727876;0,0732229732910017
2020-09-04;0,037698948518204;-0,000745625093173663;0,0776226102149338
2020-09-05;0,012589175793009;-0,0290461472279064;0,0560098567051432
2020-09-06;0,0139629509835129;-0,0280001818648021;0,0577377143338003
2020-09-07;0,0243371416208673;-0,0182314355570569;0,0687514529448845
2020-09-08;0,0469583418153261;0,00184084183841082;0,0941076902846942
2020-09-09;0,0607360187031554;0,0107584246178298;0,113184786760147
2020-09-10;0,0859468978425582;0,0442494248721261;0,129309374604908
2020-09-11;0,103617285209753;0,0585138038305388;0,150642634801894
2020-09-12;0,08125243896143;0,0287291887601098;0,136457339340321
2020-09-13;0,0557454587769117;0,000774270815897316;0,113736140337998
2020-09-14;0,0607287177349423;0,00454769581168724;0,120051757939162
2020-09-15;0,0720025980427323;0,0173864506171102;0,129550692869274
2020-09-16;0,0798679388707921;0,0253797875700332;0,137251562335295
2020-09-17;0,0819053226537372;0,0276470656329779;0,139028336022647
2020-09-18;0,0590534698008467;0,0139204155516726;0,106195550157608
2020-09-19;0,0408503439126486;-0,00402092090353257;0,087743167663612
2020-09-20;0,0106012727679259;-0,0362752137752839;0,059757876022924
2020-09-21;-1,59115217577277e-05;-0,0465359233663026;0,0487738360737733
2020-09-22;0,00494887812006617;-0,0418137562319456;0,0539936825468019
2020-09-23;0,00784824495603176;-0,0394634889603228;0,0574903433514513
2020-09-24;0,0195843160104574;-0,0239219848340567;0,0650298042803246
2020-09-25;0,00642429003634204;-0,0319642636207242;0,046335185272856
2020-09-26;-0,0181019888137623;-0,0455511712868379;0,0101366101222744
2020-09-27;-0,0206876198959248;-0,0484969028009027;0,00793443620754863
2020-09-28;-0,0163485213468288;-0,0455600781735918;0,0137570834265146
2020-09-29;-0,00495235830841312;-0,0346566152666774;0,0256659183607608
2020-09-30;0,00896015974325404;-0,021628091973189;0,0405047360796009
2020-10-01;0,0235692119939936;-0,00208453614582127;0,0498824496571788
2020-10-02;0,0366790333681282;0,0101314296859456;0,0639243435472614
2020-10-03;0,0217083277431724;-0,00347749968488031;0,0475306946402638
2020-10-04;0,0136777866776254;-0,0112151782563746;0,0391974397338328
2020-10-05;0,0204959269396419;-0,0048930227636913;0,0465326449551104
2020-10-06;0,0355833548147484;0,0111101587411768;0,0606489070434604
2020-10-07;0,0466755385590101;0,0199594658094102;0,0740913925911881
2020-10-08;0,0552351799638464;0,0314196421416741;0,0796006199001396
2020-10-09;0,0554769028091688;0,0316345141707606;0,0798703194407049
2020-10-10;0,0410384404002022;0,0174442542073658;0,0651797677457848
2020-10-11;0,0284252836592978;-0,000127640775013593;0,0577935816622748
2020-10-12;0,0268692605669403;-0,00152597790274556;0,0560720208648422
2020-10-13;0,032630520102618;0,00369583551286823;0,0623993378457457
2020-10-14;0,0358959604603268;0,00627130766948314;0,0663927637798489
2020-10-15;0,0477646711330859;0,0195659112994349;0,0767433413652148
2020-10-16;0,0492112380527847;0,0204443906672065;0,0787890375255842
2020-10-17;0,0394881632367865;0,0125530049550913;0,067139829936421
2020-10-18;0,0283705251046442;-0,00053781043568002;0,0581150021943315
2020-10-19;0,0312205783668;0,00221422615367506;0,0610664401845142
2020-10-20;0,046461458028723;0,0175889964715514;0,076153129541251
2020-10-21;0,0633897042190612;0,0306471657610903;0,0971724374791785
2020-10-22;0,0875389605350434;0,0540521141664363;0,122089671644913
2020-10-23;0,0983413551527399;0,0640451524741343;0,133742989791105
2020-10-24;0,0894370221517691;0,0563888312022323;0,123519096547228
2020-10-25;0,0797932007659243;0,0442272196112741;0,116570545684836
2020-10-26;0,0755128636000351;0,0391217745613155;0,113178405156106
2020-10-27;0,0868983241106078;0,0490510570883365;0,126111030509139
2020-10-28;0,0948845203606645;0,0571585381872357;0,13395679987696
2020-10-29;0,107975926733701;0,0726801687548997;0,144433065865605
2020-10-30;0,11079774467684;0,0754064542572395;0,147353751406824
2020-10-31;0,0907088457157186;0,0587180449525317;0,123666297929071
2020-11-01;0,0717550726331151;0,0406826268146976;0,103755271893611
2020-11-02;0,061958579273991;0,0322973271335252;0,0924720954428673
2020-11-03;0,0651050576308545;0,0351041781212962;0,0959754658220386
2020-11-04;0,0751071038818367;0,0459432365435222;0,105084142650885
2020-11-05;0,0811751640656269;0,0536893565247654;0,10937794726112
2020-11-06;0,083313346778384;0,0558302269983417;0,111511848495342
2020-11-07;0,0571734120815279;0,0268862151048148;0,0883539059856053
2020-11-08;0,0342663592032464;0,00888898687943929;0,0602820683851581
2020-11-09;0,0287930715715323;0,00321421502029962;0,0550241097731767
2020-11-10;0,0280824068011569;0,00265892714697458;0,0541505257242136
2020-11-11;0,0364439232809006;0,00881639619062757;0,0648280600535756
2020-11-12;0,0425380026279341;0,0157657263959146;0,0700159088650008
2020-11-13;0,0339213708495936;0,00617746362140714;0,0624302767148155
2020-11-14;0,0100577303444191;-0,0209746041797297;0,0420737020552335
2020-11-15;-0,0116206685807447;-0,0442291566983083;0,0221003388240155
2020-11-16;-0,0158892609382162;-0,0477972717919463;0,0170879772202472
2020-11-17;-0,00855257733778791;-0,042276317043777;0,0263586558383915
2020-11-18;-0,00741101509130049;-0,0412037099741064;0,0275727004903983
2020-11-19;0,000893805833114936;-0,0319063117974964;0,034805228836019
2020-11-20;-0,0066687270729876;-0,0374728107385119;0,025121190116056
2020-11-21;-0,01959048067309;-0,0490974293847311;0,0108320823708461
2020-11-22;-0,0521567991318476;-0,093492122830213;-0,00893665012938971
2020-11-23;-0,0531570097180886;-0,0942871216142003;-0,0101591026906968
2020-11-24;-0,0369491299868644;-0,0803046894502252;0,00845026346675271
2020-11-25;-0,0241963630709122;-0,0679188365208392;0,0215770634070152
2020-11-26;-0,0174734597059272;-0,0612399949326229;0,0283335433670868
2020-11-27;-0,0262382671052547;-0,0689849152640182;0,0184710516468938
2020-11-28;-0,041587867397205;-0,0809524367785331;-0,000537238028790021
2020-11-29;-0,0595293601059707;-0,101432366938914;-0,0156722855801368
2020-11-30;-0,0540506365942848;-0,0960305477244326;-0,0101211983710932
2020-12-01;-0,0453908713256088;-0,0887787496047765;6,29245128249689e-05
2020-12-02;-0,0359060101666754;-0,0792256778636821;0,00945171785006882
2020-12-03;-0,0233812141967801;-0,0656727764821893;0,0208246412779109
2020-12-04;-0,016669140258973;-0,0587549992908273;0,0272985025051875
2020-12-05;-0,0430363332484411;-0,0711995609348276;-0,0140191359036063
2020-12-06;-0,0569494442957067;-0,0866901205004036;-0,0262403040012561
2020-12-07;-0,0524374061790118;-0,0818710801423909;-0,0220601379727712
2020-12-08;-0,044456946358294;-0,0735826922340826;-0,0144155126324298
2020-12-09;-0,0370621715287052;-0,0650931397073343;-0,00819076115160344
2020-12-10;-0,0252410373739502;-0,0548576780992677;0,00530365978004199
2020-12-11;-0,01902158830048;-0,0489266948482989;0,0118238405051418
2020-12-12;-0,0304076252837866;-0,0544518398738221;-0,00575199365585577
2020-12-13;-0,0312609224225618;-0,0551692752937286;-0,00674758357659011
2020-12-14;-0,0217745572052094;-0,0458075466995138;0,00286374475204276
2020-12-15;-0,013570778835683;-0,0374659333444725;0,0109175789983487
2020-12-16;-0,00773634477477958;-0,0293959782666938;0,0144066369338114
2020-12-17;-0,00682372640453821;-0,0277892135350331;0,014593876313171
2020-12-18;-0,00793279474567787;-0,0292002255039704;0,0138005442492473
2020-12-19;-0,0315858197824633;-0,0542770644567668;-0,0083501317352459
2020-12-20;-0,0491794497032982;-0,0734099077427155;-0,0243153618617648
2020-12-21;-0,0478101084964527;-0,0727927446829075;-0,0221543411332888
2020-12-22;-0,0414228754427917;-0,0710439511323185;-0,0108572899176551
2020-12-23;-0,0233405697771585;-0,0594776616427876;0,014184994594914
2020-12-24;-0,0224632422254336;-0,0585164285954266;0,0149705654181629
2020-12-25;-0,032973780367817;-0,0716966570035403;0,00736436695098441
2020-12-26;-0,0448824616813137;-0,0854218281346996;-0,00254615727008234
2020-12-27;-0,037014993444446;-0,0782592826302456;0,00607481624227724
2020-12-28;-0,0194120118515981;-0,0627443943578815;0,025923767980204
2020-12-29;0,00589412267273226;-0,0438390800948659;0,0582141195730257
2020-12-30;0,0195567329569923;-0,0322227676161985;0,0741066197202001
2020-12-31;0,0252961841400456;-0,0254760061271703;0,0787135789591638
2021-01-01;0,00959173655757928;-0,0420177366354139;0,0639815720026915
2021-01-02;-0,00918585943550754;-0,0575544403906523;0,0416651138443291
2021-01-03;-0,00732901137623732;-0,0558042049789815;0,0436349079836167
2021-01-04;0,00880437246288523;-0,0393833494002461;0,0594093505092286
2021-01-05;0,0386189492101545;-0,00544590162107195;0,0846361433899663
2021-01-06;0,0385484229937951;-0,00553156154754053;0,0845822604298374
2021-01-07;0,0226014624768067;-0,0201656972197998;0,0672352948785078
2021-01-08;0,00515767727075334;-0,0294415562049812;0,0409903315309463
2021-01-09;-0,0138017547988881;-0,0481568458060062;0,0217933223056315
2021-01-10;-0,0274745909425707;-0,0630012615061388;0,00939908711362336
2021-01-11;-0,0192666947857334;-0,0533567970103226;0,016051045334541
2021-01-12;-0,00450050799577029;-0,0380641526137659;0,0302342316002366
2021-01-13;-0,00814972785961943;-0,0419492066530724;0,0268421770292373
2021-01-14;-0,0222956092941159;-0,053470874537773;0,00990645706623994
2021-01-15;-0,0343603541780013;-0,0610957236464577;-0,00686369306500079
2021-01-16;-0,0451619480754607;-0,0693396316950907;-0,0203561509085916
2021-01-17;-0,0554643725876383;-0,0812967273644342;-0,0289056564565393
2021-01-18;-0,0379021988342747;-0,0645257466575562;-0,0105209462466281
2021-01-19;-0,029181455756989;-0,0580648530931099;0,000587618947064827
2021-01-20;-0,0196106438044458;-0,0504346962886336;0,0122139951668794
2021-01-21;-0,00625093336939087;-0,034400093475924;0,0227188308086108
2021-01-22;-0,00862380193104417;-0,0366794089392137;0,0202488924433677
2021-01-23;-0,0190611946490093;-0,045966908353404;0,00860331603662345
2021-01-24;-0,0302748257548788;-0,0603933421061619;0,000809121204607743
2021-01-25;-0,0170188860339322;-0,0459654339113111;0,0128059346689824
2021-01-26;-0,00746679237427439;-0,0377404125552153;0,0237592652682599
2021-01-27;-0,00342251059862098;-0,0339078817828612;0,0280248370252532
2021-01-28;0,000682439794305711;-0,0296259633316611;0,0319374874772516
2021-01-29;0,000818940473600094;-0,0295061083986765;0,032091556967955
2021-01-30;-0,0200239494043084;-0,0452689259932659;0,00588855426146506
2021-01-31;-0,0222478496253642;-0,0476723704211625;0,00385543574432523
2021-02-01;-0,0192171506582844;-0,0446054256538481;0,00684578224779897
2021-02-02;-0,00358877404507241;-0,0313519322791744;0,0249701251612338
2021-02-03;0,00694361172590141;-0,0203400624704316;0,0349871402850952
2021-02-04;0,00808075123182728;-0,0189237095764432;0,0358285190700034
2021-02-05;0,00721926616956448;-0,0197816838731315;0,034963980423981
2021-02-06;-0,0105050488531486;-0,0314990076544323;0,0109439908511317
2021-02-07;-0,0187093381608776;-0,0414092500550524;0,00452811908310657
2021-02-08;-0,0143431717285748;-0,0369218354427172;0,00876483225500535
2021-02-09;-0,00552978018954697;-0,0300172573929472;0,0195758900119838
2021-02-10;0,00607097047643235;-0,0207812961258907;0,0336595835341791
2021-02-11;0,0167331032531917;-0,00920424264807407;0,0433494447066791
2021-02-12;0,00799114799977252;-0,0177925258662277;0,0344516624066313
2021-02-13;-0,00242480703745362;-0,027898458047605;0,0237163739248505
2021-02-14;-0,0098955993187837;-0,0347855235312327;0,015636159783635
2021-02-15;0,00147484125894781;-0,0229336032707911;0,0264930418568061
2021-02-16;0,0145722980325815;-0,00983175901647315;0,0395778266051643
2021-02-17;0,0243384545648542;-0,00210066936517228;0,0514780772854175
2021-02-18;0,0319981155689013;0,00667600533246548;0,0579571827442429
2021-02-19;0,0387077611049202;0,0120443007808366;0,066073700674137
2021-02-20;0,0282429159089197;0,00294104924101979;0,054183089740899
2021-02-21;0,0126570191778186;-0,0171934315456783;0,0434141075215719
2021-02-22;0,0187399185383321;-0,011556063464098;0,0499644777635719
2021-02-23;0,0293047493346783;0,000280545907655805;0,059171120879455
2021-02-24;0,0440736092976937;0,0152598958189143;0,0737050740614953
2021-02-25;0,0403121979038297;0,0110999379259284;0,070368445801231
2021-02-26;0,0394332577319272;0,0104794463861488;0,069216698215087
2021-02-27;0,0312233794086949;0,00439783564257334;0,0587653821045468
2021-02-28;0,0127103548958594;-0,0203252612005669;0,0468599651452919
2021-03-01;0,0137443649467555;-0,0194270810720191;0,0480379557950847
2021-03-02;0,0222571416453456;-0,0115295085257963;0,0571986444293202
2021-03-03;0,0257757758883792;-0,00828962437349079;0,061011327762577
2021-03-04;0,0339323335675212;0,00170069286686214;0,0672010891166117
2021-03-05;0,0374176471242043;0,00489982163534486;0,0709877257349751
2021-03-06;0,0191616807814454;-0,0076091512953127;0,0466546854286352
2021-03-07;0,00956574193850557;-0,0186133497848436;0,0385539553369649
2021-03-08;0,0099867521055268;-0,0182663153342558;0,0390529074857813
2021-03-09;0,0156422529847364;-0,0116885371961725;0,0437288495283417
2021-03-10;0,0183151203316658;-0,00965512761461929;0,0470753302316009
2021-03-11;0,0303281546201561;0,00343060198171408;0,0579467121158437
2021-03-12;0,0372204905637552;0,0112995889133702;0,0638057780694639
2021-03-13;0,0180023394767035;-0,000619385162371811;0,0369710476607719
2021-03-14;0,00361373809730803;-0,0205066548814853;0,0283281048487165
2021-03-15;0,00672584723058156;-0,0176742470726567;0,0317320180824932
2021-03-16;0,0104483495698895;-0,01428181460321;0,0357989558014686
2021-03-17;0,0189402051252778;-0,00828945300751827;0,0469175151654553
2021-03-18;0,0279343160932894;0,00212117450222671;0,0544123655774833
2021-03-19;0,0327856077173936;0,00625804778619798;0,0600125026128673
2021-03-20;0,0187464559669055;-0,00753527327445003;0,0457241588517725
2021-03-21;0,00975060217789103;-0,0186215662298516;0,0389430249467007
2021-03-22;0,00629747211397591;-0,0215095970479161;0,0348947719138397
2021-03-23;0,0135866125148911;-0,0151299006364235;0,0431404321577955
2021-03-24;0,0212121749592875;-0,00682099881110976;0,0500366047174778
2021-03-25;0,0255510127125003;-0,00135778064283165;0,0531848737104821
2021-03-26;0,0233587089620741;-0,00362989374309575;0,0510783499344536
2021-03-27;0,00178361301182983;-0,0200117849005559;0,0240637508045938
2021-03-28;-0,000673790511318106;-0,0218227131495347;0,0209323876109195
2021-03-29;-0,00750322467789888;-0,0282461119139523;0,01368243657343
2021-03-30;-0,00243377786181709;-0,0228276222228813;0,0183856913913152
2021-03-31;0,00234839047648583;-0,0185756376146843;0,0237185201403702
2021-04-01;0,00882605088118216;-0,00958964698973286;0,0275841703827295
2021-04-02;0,00668187311058999;-0,0112817621251624;0,0249718826140777
2021-04-03;-0,00573438753063971;-0,0200174187805092;0,00875681576799314
2021-04-04;-0,0169565848963521;-0,0335913571023931;-3,54786965284237e-05
2021-04-05;-0,0254251898191672;-0,0460913966573371;-0,00431125444224478
2021-04-06;-0,0207570733848484;-0,0423123673009561;0,00128337944941337
2021-04-07;-0,017430552974249;-0,0396985652910652;0,00535382259541617
2021-04-08;-0,0170752184030819;-0,0393231589428117;0,00568795352050722
2021-04-09;-0,0127168296059262;-0,0377988321686754;0,013018993460882
2021-04-10;-0,0202287345656574;-0,0477035800336029;0,0080387917500373
2021-04-11;-0,0293767366692252;-0,0563500363694436;-0,00163243190912365
2021-04-12;-0,0300402297822404;-0,0569548569004916;-0,00235745581734548
2021-04-13;-0,0143881814205422;-0,0456002983021214;0,0178446778591079
2021-04-14;-0,00675004034089877;-0,0382936648282707;0,0258282037693363
2021-04-15;-0,000606255526997557;-0,0304237548996673;0,0301282251283015
2021-04-16;0,00145273739488494;-0,028018648041726;0,0318177228556153
2021-04-17;-0,00750006261570535;-0,0375976644843965;0,0235387938663809
2021-04-18;-0,0217294621701489;-0,0482833734794675;0,00556533165206763
2021-04-19;-0,0217784788120911;-0,0483323352459917;0,00551629518959773
2021-04-20;-0,0138244960328326;-0,0416362477058289;0,014794353706288
2021-04-21;-0,00929946912374136;-0,0382710383984813;0,0205448531404098
2021-04-22;0,00588050643351945;-0,0176727144968958;0,0299984619736555
2021-04-23;-0,00622810714121391;-0,0294985922747016;0,0176003529462896
2021-04-24;-0,017994816668906;-0,03983256498679;0,00433960257761523
2021-04-25;-0,0319194859389601;-0,0538107474038753;-0,00952174299879005
2021-04-26;-0,0249871358598578;-0,0454979589165794;-0,00403556585409182
2021-04-27;-0,0153967113263411;-0,0371028426065679;0,00679873091667815
2021-04-28;-0,0120468523803274;-0,0342126147831006;0,0106276358873894
2021-04-29;-0,00854375082605452;-0,0308122280387219;0,014236376545351
2021-04-30;-0,0175049679927901;-0,0402221541163018;0,00574991604444564
2021-05-01;-0,0279530894162191;-0,0501037437597475;-0,00528590341502466
2021-05-02;-0,0458879417108866;-0,0711249898527087;-0,0199652161722622
2021-05-03;-0,0458386591276658;-0,071078252234936;-0,0199132848318797
2021-05-04;-0,0352548134419525;-0,0621589775810076;-0,00757884040275525
2021-05-05;-0,0310579638827444;-0,0573360097712945;-0,00404738158368256
2021-05-06;-0,030980106349757;-0,0572689741088593;-0,00395815083913797
2021-05-07;-0,0351830121044406;-0,0612064730875294;-0,00843817788844781
2021-05-08;-0,0476883231855575;-0,0702012623203317;-0,0246302849793962
2021-05-09;-0,0618514314992096;-0,0863162021433901;-0,0367315928719079
2021-05-10;-0,060852231903641;-0,0852657344965259;-0,0357871530756352
2021-05-11;-0,0500411091529055;-0,0765591239201054;-0,022761589101059
2021-05-12;-0,0417630943865848;-0,0672158650529711;-0,0156157969692343
2021-05-13;-0,0429265997379845;-0,0684787042193085;-0,0166735879919724
2021-05-14;-0,052465747091487;-0,0804352067359674;-0,0236455690652952
2021-05-15;-0,0665762525264298;-0,0884724398099427;-0,0441540877097147
2021-05-16;-0,0781616609340969;-0,0999571963042964;-0,0558383224859516
2021-05-17;-0,0715803529998678;-0,0938262667009916;-0,0487883181100441
2021-05-18;-0,0588149488150844;-0,0873959125518518;-0,0293388855501017
2021-05-19;-0,0519416773397643;-0,079926063016983;-0,0231061363257263
2021-05-20;-0,0433484215969262;-0,0714993838340021;-0,0143439578531462
2021-05-21;-0,0404660755474484;-0,0683507154412576;-0,0117468371036326
2021-05-22;-0,0493397725567518;-0,0754148049791726;-0,0225293754329581
2021-05-23;-0,0624616141657041;-0,0913821416722219;-0,0326205710611387
2021-05-24;-0,0573167188481125;-0,0850839786004666;-0,0287067361614991
2021-05-25;-0,0473496557624804;-0,0752482600005651;-0,0186093855022978
2021-05-26;-0,0314154484806266;-0,0630637628477422;0,0013018989354443
2021-05-27;-0,0281054495224737;-0,0606700933429684;0,00558814379663719
2021-05-28;-0,0268611321138159;-0,0594087888508873;0,00681278430601417
2021-05-29;-0,0390814871254961;-0,069529063162402;-0,00763758240187795
2021-05-30;-0,0467053899860685;-0,0774677277576794;-0,0149172654169133
2021-05-31;-0,0367253785744374;-0,0651836969372991;-0,00740071258649833
